run_dir,throughput_fps,latency_mean_ms,latency_median_ms,latency_p95_ms,Lat_PreMux_ms_mean,Lat_Mux_ms_mean,Lat_Infer_ms_mean,Lat_Tracker_ms_mean,Lat_PreOSD_ms_mean,Lat_OSD_ms_mean,Lat_Output_ms_mean,gpu_pct_mean,ram_mb_mean,VDD_IN_mW_mean,VDD_CPU_GPU_CV_mW_mean,VDD_SOC_mW_mean,CPU_Core_1_Persen_mean,CPU_Core_1_Freq_MHz_mean,CPU_Core_2_Persen_mean,CPU_Core_2_Freq_MHz_mean,CPU_Core_3_Persen_mean,CPU_Core_3_Freq_MHz_mean,CPU_Core_4_Persen_mean,CPU_Core_4_Freq_MHz_mean,CPU_Core_5_Persen_mean,CPU_Core_5_Freq_MHz_mean,CPU_Core_6_Persen_mean,CPU_Core_6_Freq_MHz_mean,model,tracker
data/benchmark/yolov10n_kitti_nvdcf/20260819_115756,66.55438511446611,244.73226666666667,236.586,297.4344,205.38559999999998,10.136000000000001,16.84178518518518,2.5357185185185185,0.008296296296296296,5.174814814814815,4.650059259259259,63.5,1453.0,8602.0,2795.0,2109.0,36.5,1510.0,26.0,1510.0,27.0,1510.0,28.5,1510.0,26.5,1510.0,27.0,1510.0,yolov10n_kitti,nvdcf
data/benchmark/yolov10n_kitti_nvdcf/20260819_115909,67.28988732682204,249.33961029411768,241.4725,302.10275,205.37511029411763,10.036367647058823,16.70018382352941,4.232610294117647,0.007470588235294118,8.148044117647059,4.839698529411765,76.5,1449.5,8642.0,2795.0,2109.0,38.5,1510.0,29.0,1510.0,31.0,1510.0,29.5,1510.0,18.5,1510.0,24.0,1510.0,yolov10n_kitti,nvdcf
data/benchmark/yolov10n_kitti_nvdcf/20260819_120023,67.21885713005355,249.9405294117647,244.208,299.90774999999996,205.37383088235293,10.068683823529412,16.60827205882353,4.41510294117647,0.007036764705882353,8.678,4.789669117647058,62.5,1447.0,8622.0,2774.5,2109.0,33.5,1510.0,29.5,1510.0,27.5,1510.0,27.0,1510.0,26.5,1510.0,28.0,1510.0,yolov10n_kitti,nvdcf
data/benchmark/yolov10n_kitti_nvdcf/20260819_120136,67.40280515496654,248.7608529411765,237.78300000000002,300.04425000000003,205.42656617647057,10.196661764705883,16.557970588235293,3.8998529411764706,0.007073529411764706,7.864514705882353,4.808191176470588,61.0,1452.5,8602.0,2795.0,2109.0,39.0,1510.0,31.0,1510.0,28.5,1510.0,32.5,1510.0,20.5,1510.0,20.5,1510.0,yolov10n_kitti,nvdcf
data/benchmark/yolov10n_kitti_nvdcf/20260819_120249,66.63297177131165,244.60619852941176,236.0675,297.78775,205.252125,10.095683823529411,16.867485294117646,2.5683970588235296,0.008088235294117648,5.550970588235295,4.263485294117647,71.0,1443.5,8602.0,2795.0,2109.0,36.5,1510.0,28.0,1510.0,30.0,1510.0,24.5,1510.0,21.5,1510.0,23.5,1510.0,yolov10n_kitti,nvdcf
data/benchmark/yolov10n_kitti_nvsort/20260819_120402,67.37314177417653,241.4399393939394,232.7935,291.36115,205.50543181818182,10.911121212121213,15.914022727272727,0.23200757575757575,0.007272727272727274,4.736439393939393,4.133696969696969,58.5,1385.0,8581.5,2774.5,2069.0,36.5,1510.0,28.0,1510.0,29.0,1510.0,27.0,1510.0,22.5,1510.0,24.0,1510.0,yolov10n_kitti,nvsort
data/benchmark/yolov10n_kitti_nvsort/20260819_120515,67.30830438380552,240.6833923076923,231.638,290.78274999999996,205.45232307692308,10.723792307692307,15.920792307692311,0.2016,0.005976923076923077,4.5647153846153845,3.814192307692308,70.5,1380.0,8561.0,2774.5,2089.0,39.0,1510.0,29.5,1510.0,24.5,1510.0,29.5,1510.0,17.5,1510.0,23.0,1510.0,yolov10n_kitti,nvsort
data/benchmark/yolov10n_kitti_nvsort/20260819_120628,67.33954810536841,241.6170075757576,232.47050000000002,290.28355,205.4900681818182,10.994651515151514,15.903818181818183,0.30853787878787875,0.006924242424242425,4.934545454545454,3.978492424242424,61.5,1392.0,8581.5,2795.0,2089.0,33.5,1510.0,25.0,1510.0,24.5,1510.0,26.5,1510.0,24.5,1510.0,28.0,1510.0,yolov10n_kitti,nvsort
data/benchmark/yolov10n_kitti_nvsort/20260819_120741,67.36576214846392,241.6778787878788,233.63299999999998,290.61895,205.47870454545455,10.89330303030303,16.06608333333333,0.37469696969696964,0.007204545454545454,5.068348484848484,3.789507575757576,75.0,1393.0,8561.0,2774.5,2069.0,37.0,1510.0,26.5,1510.0,26.5,1510.0,28.5,1510.0,23.5,1510.0,17.5,1510.0,yolov10n_kitti,nvsort
data/benchmark/yolov10n_kitti_nvsort/20260819_120854,67.30550379197153,242.3558787878788,233.84300000000002,291.856,205.4676893939394,10.882454545454545,16.100530303030304,0.3672878787878788,0.007181818181818182,5.332318181818182,4.198325757575757,62.5,1392.0,8561.0,2754.0,2069.0,33.0,1510.0,28.5,1510.0,25.5,1510.0,27.5,1510.0,22.5,1510.0,26.0,1510.0,yolov10n_kitti,nvsort
data/benchmark/yolov26n_kitti_nvdcf/20260819_121007,65.4249434496336,358.87442307692305,351.08500000000004,415.4325,283.0134551282051,21.79153205128205,23.520269230769234,13.507871794871795,0.009019230769230769,10.867820512820513,6.164410256410257,61.666666666666664,1325.0,8480.333333333334,2683.6666666666665,2081.3333333333335,36.0,1510.0,30.0,1510.0,30.666666666666668,1510.0,35.666666666666664,1510.0,28.333333333333332,1510.0,31.666666666666668,1510.0,yolov26n_kitti,nvdcf
data/benchmark/yolov26n_kitti_nvdcf/20260819_121120,65.45289285320271,359.383325,351.081,415.08435,283.13471250000003,22.12631875,23.092118749999997,12.362874999999999,0.009912500000000001,11.220125,7.437287499999999,61.0,1406.6666666666667,8588.333333333334,2724.3333333333335,2108.3333333333335,41.0,1510.0,30.333333333333332,1510.0,31.333333333333332,1510.0,33.666666666666664,1510.0,28.333333333333332,1510.0,31.0,1510.0,yolov26n_kitti,nvdcf
data/benchmark/yolov26n_kitti_nvdcf/20260819_121234,67.06068756095083,333.10310489510493,327.997,386.8555,259.31815384615385,21.20366433566434,24.413104895104894,13.816902097902096,0.00967832167832168,9.317643356643355,5.023993006993007,95.5,1447.5,9129.0,3013.0,2249.5,38.5,1510.0,36.0,1510.0,33.5,1510.0,35.0,1510.0,28.5,1510.0,28.0,1510.0,yolov26n_kitti,nvdcf
data/benchmark/yolov26n_kitti_nvdcf/20260819_121347,64.27172573364282,368.0061637426901,363.333,416.28499999999997,290.47441520467834,22.230204678362576,21.891122807017542,14.359754385964912,0.010064327485380118,12.303450292397663,6.737105263157895,63.0,1454.0,8872.0,2913.3333333333335,2176.0,38.666666666666664,1510.0,34.333333333333336,1510.0,32.666666666666664,1510.0,32.333333333333336,1510.0,29.666666666666668,1510.0,27.333333333333332,1510.0,yolov26n_kitti,nvdcf
data/benchmark/yolov26n_kitti_nvdcf/20260819_121500,66.06771033497628,358.4348766233767,349.496,412.34015,282.5627532467533,21.994376623376624,21.46485714285714,14.119902597402598,0.010142857142857143,11.057233766233765,7.225642857142859,97.0,1457.0,9068.5,2952.0,2229.5,41.5,1510.0,33.5,1510.0,33.0,1510.0,33.5,1510.0,27.5,1510.0,31.5,1510.0,yolov26n_kitti,nvdcf
data/benchmark/yolov26n_kitti_nvsort/20260819_121614,67.3435637288594,240.6936060606061,232.7775,289.79425,205.45236363636363,10.93668181818182,15.597999999999997,0.29488636363636367,0.006303030303030303,4.661856060606061,3.743492424242425,76.5,1387.0,8459.5,2673.0,2069.0,37.0,1510.0,27.0,1510.0,28.0,1510.0,29.5,1510.0,24.0,1510.0,22.0,1510.0,yolov26n_kitti,nvsort
data/benchmark/yolov26n_kitti_nvsort/20260819_121727,67.33137986668385,241.6564696969697,233.42399999999998,291.12760000000003,205.46363636363637,10.768719696969697,15.88715909090909,0.45548484848484844,0.008037878787878788,5.002924242424243,4.070530303030303,82.0,1392.0,8459.5,2673.0,2069.0,32.5,1510.0,32.0,1510.0,25.0,1510.0,29.0,1510.0,23.0,1510.0,29.5,1510.0,yolov26n_kitti,nvsort
data/benchmark/yolov26n_kitti_nvsort/20260819_121840,67.08302866457818,240.5898167938931,232.138,289.865,205.2736870229008,10.990656488549616,15.475175572519085,0.36517557251908406,0.00732824427480916,4.765473282442748,3.712297709923664,43.5,1392.0,8419.0,2633.0,2069.0,34.0,1510.0,29.0,1510.0,28.5,1510.0,29.5,1510.0,20.0,1510.0,21.0,1510.0,yolov26n_kitti,nvsort
data/benchmark/yolov26n_kitti_nvsort/20260819_121953,67.34422150594013,242.59610606060605,234.1465,291.81495,205.47070454545454,10.89589393939394,16.09226515151515,0.5745530303030303,0.007113636363636364,5.336462121212121,4.219045454545454,62.0,1385.5,8480.0,2673.0,2069.0,36.5,1510.0,31.5,1510.0,29.5,1510.0,23.5,1510.0,19.5,1510.0,24.0,1510.0,yolov26n_kitti,nvsort
data/benchmark/yolov26n_kitti_nvsort/20260819_122106,67.33702127747068,241.30754545454548,232.62,291.5786,205.46320454545457,10.93193181818182,15.802007575757575,0.4520757575757575,0.007462121212121212,4.79225,3.8585984848484856,76.5,1391.0,8459.5,2673.0,2069.0,37.0,1510.0,29.0,1510.0,32.5,1510.0,28.0,1510.0,19.5,1510.0,24.0,1510.0,yolov26n_kitti,nvsort
data/benchmark/yolov8n_kitti_efficientnms_nvdcf/20260819_122219,66.4659461229025,262.96972592592596,255.673,317.8649,205.7871407407407,11.997948148148147,19.38282962962963,11.665933333333331,0.010266666666666665,8.608866666666666,5.516644444444445,94.5,1375.5,9190.0,3074.0,2228.0,39.0,1510.0,32.5,1510.0,35.0,1510.0,36.0,1510.0,28.5,1510.0,27.5,1510.0,yolov8n_kitti_efficientnms,nvdcf
data/benchmark/yolov8n_kitti_efficientnms_nvdcf/20260819_122332,66.42179824626625,261.6788740740741,253.567,316.124,205.74181481481483,11.640244444444445,18.564407407407405,12.29765925925926,0.009970370370370369,8.215555555555556,5.209192592592593,85.5,1378.5,9190.0,3074.0,2229.5,39.5,1510.0,32.5,1510.0,35.5,1510.0,27.5,1510.0,31.5,1510.0,32.5,1510.0,yolov8n_kitti_efficientnms,nvdcf
data/benchmark/yolov8n_kitti_efficientnms_nvdcf/20260819_122445,66.82384294515944,263.3924852941177,256.794,318.291,205.77367647058824,12.687426470588235,19.115904411764706,11.129316176470589,0.009125000000000001,8.865183823529412,5.811823529411764,90.0,1368.5,9210.0,3074.0,2228.0,40.0,1510.0,34.0,1510.0,32.0,1510.0,29.0,1510.0,31.5,1510.0,33.5,1510.0,yolov8n_kitti_efficientnms,nvdcf
data/benchmark/yolov8n_kitti_efficientnms_nvdcf/20260819_122558,66.68682090587374,261.99896323529407,253.84199999999998,316.26175,205.60155882352942,12.111125000000001,18.80310294117647,11.80933088235294,0.010007352941176469,8.628801470588236,5.034948529411764,80.5,1368.0,9210.0,3074.0,2228.0,38.5,1510.0,32.5,1510.0,34.0,1510.0,31.5,1510.0,29.5,1510.0,29.5,1510.0,yolov8n_kitti_efficientnms,nvdcf
data/benchmark/yolov8n_kitti_efficientnms_nvdcf/20260819_122711,66.75214237292495,261.6492647058824,254.3635,314.61875,205.93279411764706,12.096389705882352,18.96985294117647,11.348338235294117,0.009316176470588234,8.37627205882353,4.916308823529412,85.5,1366.0,9210.0,3094.0,2228.0,43.0,1510.0,35.0,1510.0,32.5,1510.0,30.0,1510.0,28.5,1510.0,28.0,1510.0,yolov8n_kitti_efficientnms,nvdcf
data/benchmark/yolov8n_kitti_efficientnms_nvsort/20260819_122824,67.39630183855006,237.84085271317826,229.925,288.76419999999996,205.20820930232557,10.810054263565892,14.122643410852712,0.3030852713178295,0.006627906976744186,4.3230775193798445,3.067147286821706,77.0,1315.0,8439.0,2714.0,2069.0,37.5,1510.0,24.5,1510.0,26.0,1510.0,23.0,1510.0,22.0,1510.0,23.5,1510.0,yolov8n_kitti_efficientnms,nvsort
data/benchmark/yolov8n_kitti_efficientnms_nvsort/20260819_122937,67.43070573081975,237.78137984496126,229.893,289.48879999999997,205.16512403100774,10.804441860465115,13.965635658914728,0.2898139534883721,0.006007751937984496,4.441403100775194,3.1090232558139532,36.5,1311.0,8419.0,2693.5,2069.0,30.5,1510.0,30.0,1510.0,21.0,1510.0,24.0,1510.0,26.5,1510.0,26.0,1510.0,yolov8n_kitti_efficientnms,nvsort
data/benchmark/yolov8n_kitti_efficientnms_nvsort/20260819_123050,66.98690274187415,239.6471875,231.6855,291.6606,205.20878125000002,10.725984375000001,14.529898437500002,0.5170546874999999,0.006656250000000002,5.0700312499999995,3.588859375,57.5,1302.0,8459.5,2714.0,2069.0,34.5,1510.0,26.5,1510.0,29.0,1510.0,28.5,1510.0,20.0,1510.0,23.0,1510.0,yolov8n_kitti_efficientnms,nvsort
data/benchmark/yolov8n_kitti_efficientnms_nvsort/20260819_123203,66.93860254335063,238.3456953125,230.63400000000001,290.8329,205.27374218749998,10.731625,14.3148046875,0.37371875,0.006617187500000001,4.5045234375,3.1407187500000004,58.0,1316.5,8459.5,2714.0,2069.0,34.5,1510.0,29.5,1510.0,29.5,1510.0,25.5,1510.0,21.5,1510.0,19.0,1510.0,yolov8n_kitti_efficientnms,nvsort
data/benchmark/yolov8n_kitti_efficientnms_nvsort/20260819_123316,67.40382579902496,239.82241085271318,232.639,290.41020000000003,205.19493798449614,10.778379844961242,14.57982945736434,0.5203488372093024,0.00665891472868217,5.084666666666667,3.6576666666666666,58.0,1309.0,8439.0,2693.5,2069.0,32.0,1510.0,28.5,1510.0,25.5,1510.0,27.5,1510.0,24.0,1510.0,21.5,1510.0,yolov8n_kitti_efficientnms,nvsort
data/benchmark/yolov8n_kitti_nvdcf/20260819_113320,66.42917410689942,262.8340592592592,254.501,320.2989,205.97240740740742,13.053066666666664,18.691259259259258,10.565133333333332,0.009637037037037038,8.330148148148147,6.212503703703703,84.5,1362.0,9210.0,3074.0,2228.0,37.0,1510.0,36.5,1510.0,34.0,1510.0,36.5,1510.0,26.5,1510.0,26.5,1510.0,yolov8n_kitti,nvdcf
data/benchmark/yolov8n_kitti_nvdcf/20260819_113433,67.66420705639615,319.2287122302158,314.115,374.9519,245.5356258992806,21.285992805755395,18.837762589928055,13.130661870503598,0.009107913669064749,13.06738129496403,7.362194244604316,97.5,1368.5,9169.5,3053.5,2228.0,39.5,1510.0,34.5,1510.0,26.5,1510.0,33.0,1510.0,26.5,1510.0,27.0,1510.0,yolov8n_kitti,nvdcf
data/benchmark/yolov8n_kitti_nvdcf/20260819_113546,66.50389047759295,261.45146268656714,253.7535,316.7256,205.8082014925373,11.630738805970148,19.268179104477614,11.179373134328358,0.01021641791044776,8.50141791044776,5.053261194029851,61.5,1380.0,9149.5,3053.5,2228.0,40.5,1510.0,33.5,1510.0,31.0,1510.0,33.5,1510.0,29.0,1510.0,27.5,1510.0,yolov8n_kitti,nvdcf
data/benchmark/yolov8n_kitti_nvdcf/20260819_113700,66.72515906979154,261.3307037037037,253.016,317.88160000000005,205.64024444444445,11.94688888888889,20.185362962962962,9.926362962962962,0.011666666666666667,8.622925925925927,4.9973481481481485,92.0,1367.5,9210.0,3074.0,2228.0,38.0,1510.0,32.0,1510.0,32.5,1510.0,34.5,1510.0,31.5,1510.0,34.0,1510.0,yolov8n_kitti,nvdcf
data/benchmark/yolov8n_kitti_nvdcf/20260819_113813,66.5219522442406,261.89832835820897,254.34,315.64095,206.2575074626866,12.556589552238805,19.074843283582087,10.103940298507462,0.01053731343283582,8.188917910447762,5.706052238805969,87.5,1362.0,9190.0,3074.0,2228.0,38.0,1510.0,37.0,1510.0,33.0,1510.0,31.0,1510.0,31.5,1510.0,31.0,1510.0,yolov8n_kitti,nvdcf
data/benchmark/yolov8n_kitti_nvsort/20260819_113926,67.41092541507751,238.63155813953486,232.053,289.9324,205.17763565891474,10.66620930232558,14.407201550387597,0.42777519379844964,0.0068372093023255824,4.629325581395348,3.3166046511627907,60.5,1298.0,8459.5,2714.0,2069.0,35.5,1510.0,26.5,1510.0,21.5,1510.0,29.0,1510.0,21.5,1510.0,20.5,1510.0,yolov8n_kitti,nvsort
data/benchmark/yolov8n_kitti_nvsort/20260819_114039,67.14258600463022,238.5138203125,230.75650000000002,289.93635,205.245234375,10.7598515625,14.281468749999998,0.44128906249999994,0.007585937500000001,4.639398437500001,3.1390234375,55.0,1296.0,8439.0,2673.0,2069.0,33.5,1510.0,30.5,1510.0,31.0,1510.0,27.0,1510.0,19.5,1510.0,21.0,1510.0,yolov8n_kitti,nvsort
data/benchmark/yolov8n_kitti_nvsort/20260819_114152,66.652269776395,237.82669841269836,229.9365,289.63475,204.98784920634924,10.869992063492061,14.07838095238095,0.3745793650793651,0.007436507936507938,4.393984126984126,3.114380952380952,70.0,1300.5,8459.5,2693.5,2069.0,34.5,1510.0,30.0,1510.0,28.0,1510.0,27.0,1510.0,19.5,1510.0,21.0,1510.0,yolov8n_kitti,nvsort
data/benchmark/yolov8n_kitti_nvsort/20260819_114305,66.62299751256371,237.35711111111112,228.3795,289.45525,204.95722222222219,10.812920634920633,14.038690476190476,0.2849523809523809,0.006738095238095239,4.2001349206349206,3.056571428571429,79.0,1297.0,8439.0,2693.5,2069.0,32.5,1510.0,27.0,1510.0,22.5,1510.0,27.0,1510.0,23.5,1510.0,23.5,1510.0,yolov8n_kitti,nvsort
data/benchmark/yolov8n_kitti_nvsort/20260819_114417,66.48673805792777,237.03928225806456,229.076,288.9808,205.16834677419354,10.821661290322583,13.878806451612904,0.2886290322580646,0.007161290322580646,4.022024193548387,2.852637096774193,57.0,1291.0,8439.5,2693.5,2069.0,29.0,1510.0,27.0,1510.0,26.0,1510.0,24.0,1510.0,24.5,1510.0,24.5,1510.0,yolov8n_kitti,nvsort
data/benchmark/yolov9t_kitti_efficientnms_nvdcf/20260819_123429,49.89162724726838,472.5267667844523,466.218,552.7771,372.58902826855115,28.383180212014132,26.605696113074206,22.107310954063607,0.008098939929328622,14.007113074204947,8.826321554770319,85.5,1361.8333333333333,8493.333333333334,2788.1666666666665,2035.0,33.0,1510.0,26.5,1510.0,26.0,1510.0,24.5,1510.0,26.5,1510.0,26.666666666666668,1510.0,yolov9t_kitti_efficientnms,nvdcf
data/benchmark/yolov9t_kitti_efficientnms_nvdcf/20260819_123546,51.0033440214082,462.6365770609319,457.166,536.1752,364.6152795698925,27.857774193548384,29.859247311827957,19.389562724014336,0.009010752688172044,13.094308243727598,7.811369175627242,68.16666666666667,1356.5,8351.333333333334,2713.8333333333335,2021.6666666666667,35.166666666666664,1510.0,29.666666666666668,1510.0,26.833333333333332,1510.0,23.166666666666668,1510.0,26.333333333333332,1510.0,24.333333333333332,1510.0,yolov9t_kitti_efficientnms,nvdcf
data/benchmark/yolov9t_kitti_efficientnms_nvdcf/20260819_123702,51.18037925749975,462.4886431095406,459.489,544.2495,364.90254416961136,27.701261484098943,30.12962897526502,18.83650176678445,0.009268551236749117,13.22273851590106,7.686671378091873,69.5,1362.5,8412.166666666666,2754.3333333333335,2021.3333333333333,35.333333333333336,1510.0,26.333333333333332,1510.0,27.833333333333332,1510.0,26.666666666666668,1510.0,25.0,1510.0,25.666666666666668,1510.0,yolov9t_kitti_efficientnms,nvdcf
data/benchmark/yolov9t_kitti_efficientnms_nvdcf/20260819_123819,49.89832299441303,473.0460805860806,470.241,553.5016,373.05699633699635,28.434095238095235,26.224234432234432,22.234542124542124,0.008930402930402929,14.204798534798536,8.882490842490842,67.16666666666667,1358.1666666666667,8277.0,2659.6666666666665,1994.3333333333333,32.5,1510.0,25.333333333333332,1510.0,25.666666666666668,1510.0,22.5,1510.0,25.666666666666668,1510.0,26.333333333333332,1510.0,yolov9t_kitti_efficientnms,nvdcf
data/benchmark/yolov9t_kitti_efficientnms_nvdcf/20260819_123935,50.224926954121855,470.6099110320285,461.72,548.391,371.1371992882562,28.259807829181494,27.616765124555165,21.368483985765128,0.009658362989323842,13.71479359430605,8.503256227758007,56.333333333333336,1369.6666666666667,8412.166666666666,2754.1666666666665,2021.5,32.333333333333336,1510.0,26.166666666666668,1510.0,27.166666666666668,1510.0,27.666666666666668,1510.0,24.333333333333332,1510.0,27.666666666666668,1510.0,yolov9t_kitti_efficientnms,nvdcf
data/benchmark/yolov9t_kitti_efficientnms_nvsort/20260819_124052,66.74799653321176,272.4185648854962,264.641,325.87149999999997,206.96317557251908,15.69826717557252,32.197496183206106,0.5952137404580152,0.008122137404580154,9.852374045801527,7.104007633587786,90.0,1314.5,8946.5,3074.0,2109.0,46.5,1510.0,31.0,1510.0,31.5,1510.0,32.0,1510.0,25.5,1510.0,27.0,1510.0,yolov9t_kitti_efficientnms,nvsort
data/benchmark/yolov9t_kitti_efficientnms_nvsort/20260819_124205,67.13508568050257,262.61647692307685,255.639,319.165,206.18977692307695,13.757961538461538,27.831384615384614,0.5800076923076923,0.007784615384615385,8.893723076923079,5.355907692307692,93.0,1319.0,8946.5,3094.0,2109.0,42.5,1510.0,36.5,1510.0,35.0,1510.0,28.0,1510.0,27.0,1510.0,23.5,1510.0,yolov9t_kitti_efficientnms,nvsort
data/benchmark/yolov9t_kitti_efficientnms_nvsort/20260819_124318,67.14453758684584,293.3662727272727,287.635,345.65389999999996,219.9229924242424,21.186825757575757,33.067818181818176,0.7876363636363637,0.008454545454545456,10.726287878787877,7.666386363636363,92.0,1318.0,8926.0,3074.0,2109.0,34.0,1510.0,32.5,1510.0,33.0,1510.0,30.0,1510.0,30.5,1510.0,31.5,1510.0,yolov9t_kitti_efficientnms,nvsort
data/benchmark/yolov9t_kitti_efficientnms_nvsort/20260819_124431,67.731726523072,290.3786893939394,283.1535,341.84315000000004,218.3915909090909,20.353030303030305,33.92012121212122,0.5638939393939394,0.006977272727272728,10.006325757575755,7.136833333333334,90.0,1321.5,8966.5,3094.0,2109.0,45.0,1510.0,29.0,1510.0,29.5,1510.0,35.0,1510.0,27.5,1510.0,27.0,1510.0,yolov9t_kitti_efficientnms,nvsort
data/benchmark/yolov9t_kitti_efficientnms_nvsort/20260819_124544,67.16750558202676,329.14495488721803,320.919,378.059,254.5005789473684,21.85115037593985,29.39981203007519,0.6908421052631579,0.008195488721804511,12.073947368421052,10.62042105263158,91.0,1318.0,8926.0,3074.0,2109.0,39.0,1510.0,31.5,1510.0,28.5,1510.0,27.0,1510.0,32.0,1510.0,31.0,1510.0,yolov9t_kitti_efficientnms,nvsort
data/benchmark/yolov9t_kitti_nvdcf/20260819_114530,52.29101221298698,449.0147014925373,444.3695,525.4126,353.9900037313433,26.98387313432836,30.198455223880597,17.826619402985074,0.009552238805970151,12.641731343283581,7.364514925373134,91.4,1366.4,8666.6,2882.8,2077.0,35.4,1510.0,27.0,1510.0,25.4,1510.0,27.2,1510.0,28.4,1510.0,28.4,1510.0,yolov9t_kitti,nvdcf
data/benchmark/yolov9t_kitti_nvdcf/20260819_114647,51.734700651039354,456.4174578754579,453.715,541.0677999999999,359.93530769230773,27.4410695970696,27.984029304029303,19.818098901098903,0.00880952380952381,13.183893772893773,8.046190476190475,91.0,1364.8,8577.2,2827.0,2052.6,32.6,1510.0,29.4,1510.0,24.4,1510.0,23.8,1510.0,26.8,1510.0,24.4,1510.0,yolov9t_kitti,nvdcf
data/benchmark/yolov9t_kitti_nvdcf/20260819_114803,50.91965613767619,464.55282656826563,459.521,540.011,366.29537269372696,27.795250922509226,29.285952029520296,16.844457564575645,0.008531365313653137,16.26921033210332,8.054036900369004,79.0,1359.8,8544.8,2819.0,2060.8,32.2,1510.0,24.8,1510.0,26.4,1510.0,26.6,1510.0,29.6,1510.0,30.0,1510.0,yolov9t_kitti,nvdcf
data/benchmark/yolov9t_kitti_nvdcf/20260819_114919,51.77752629906663,456.4869448529412,452.486,539.50205,360.2911286764706,27.42901470588235,29.05720955882353,18.842474264705885,0.008805147058823529,13.143470588235294,7.714886029411765,83.6,1367.6,8642.2,2858.6,2068.6,37.4,1510.0,24.8,1510.0,25.6,1510.0,28.0,1510.0,27.6,1510.0,26.8,1510.0,yolov9t_kitti,nvdcf
data/benchmark/yolov9t_kitti_nvdcf/20260819_115036,50.87925465441645,461.89593050193054,455.148,535.6309,364.0762200772201,27.744405405405402,26.70473359073359,21.34215444015444,0.009297297297297299,13.562015444015444,8.457150579150579,93.4,1367.4,8560.8,2819.2,2069.0,33.6,1510.0,24.8,1510.0,27.4,1510.0,27.4,1510.0,28.6,1510.0,25.8,1510.0,yolov9t_kitti,nvdcf
data/benchmark/yolov9t_kitti_nvsort/20260819_115152,67.1387170478419,266.98966406249997,258.82,321.13015,206.51689062499997,14.675906249999997,26.947421874999996,0.7473749999999999,0.008273437500000001,10.3432578125,7.750484375,92.5,1304.5,8926.0,3094.0,2109.0,40.0,1510.0,31.0,1510.0,32.5,1510.0,31.5,1510.0,27.0,1510.0,26.0,1510.0,yolov9t_kitti,nvsort
data/benchmark/yolov9t_kitti_nvsort/20260819_115305,67.03585265938561,268.32175193798446,260.287,321.216,207.04855813953492,15.183581395348835,25.53503875968992,0.7724031007751937,0.009736434108527132,10.907953488372092,8.864441860465115,94.0,1310.0,8926.0,3074.0,2109.0,35.0,1510.0,32.0,1510.0,26.5,1510.0,30.5,1510.0,32.0,1510.0,23.5,1510.0,yolov9t_kitti,nvsort
data/benchmark/yolov9t_kitti_nvsort/20260819_115418,66.900889468232,259.3458759689923,253.551,316.5308,205.8202325581395,13.362713178294573,24.76391472868217,0.7086356589147286,0.008465116279069767,8.87325581395349,5.808651162790698,86.5,1292.5,8946.5,3094.0,2109.0,39.5,1510.0,30.0,1510.0,27.0,1510.0,29.5,1510.0,30.0,1510.0,27.5,1510.0,yolov9t_kitti,nvsort
data/benchmark/yolov9t_kitti_nvsort/20260819_115530,67.10895663398246,260.0759302325581,253.04,321.1366,205.90451937984494,13.290821705426357,25.006937984496126,0.6881317829457365,0.00962015503875969,8.906604651162793,6.269294573643411,92.5,1295.5,8926.5,3094.0,2109.0,40.0,1510.0,28.0,1510.0,28.5,1510.0,29.5,1510.0,31.0,1510.0,29.5,1510.0,yolov9t_kitti,nvsort
data/benchmark/yolov9t_kitti_nvsort/20260819_115643,67.23340781127112,264.7622615384616,257.32950000000005,321.41775,206.85755384615388,14.453115384615385,25.16225384615385,0.6992923076923075,0.008276923076923078,10.222076923076923,7.359569230769232,87.5,1300.0,8926.0,3074.0,2109.0,36.5,1510.0,25.5,1510.0,29.0,1510.0,33.0,1510.0,30.5,1510.0,24.5,1510.0,yolov9t_kitti,nvsort
